{"title":"CarSlide","icon":null,"fields":{"GameManager":{"playerCarType":{"id":null,"title":"Player Data","type":"enum","defaultValue":1,"constraints":{},"section":"Data Of Player Car","order":1,"localization":0,"options":{"0":"Custom","1":"NormalCar","2":"AICar"}},"CustomSpeedPlayer":{"id":null,"title":"Custom Speed Player","type":"single","defaultValue":0,"constraints":{},"section":"Data Of Player Car","order":2,"localization":0,"options":{}},"CustomMaxAngleToDriftPlayer":{"id":null,"title":"Custom Max Angle To Drift Player","type":"single","defaultValue":0,"constraints":{},"section":"Data Of Player Car","order":3,"localization":0,"options":{}},"CustomSteerSensitivityPlayer":{"id":null,"title":"Custom Steer Sensitivity Player","type":"single","defaultValue":0,"constraints":{},"section":"Data Of Player Car","order":4,"localization":0,"options":{}},"CustomDriftTractionPlayer":{"id":null,"title":"Custom Steer Drift Traction Player","type":"single","defaultValue":0,"constraints":{},"section":"Data Of Player Car","order":5,"localization":0,"options":{}},"aiCarType":{"id":null,"title":"AI Data","type":"enum","defaultValue":2,"constraints":{},"section":"Data Of AI Car","order":1,"localization":0,"options":{"0":"Custom","1":"NormalCar","2":"AICar"}},"CustomSpeedAI":{"id":null,"title":"Custom Speed AI","type":"single","defaultValue":0,"constraints":{},"section":"Data Of AI Car","order":2,"localization":0,"options":{}},"CustomMaxAngleToDriftAI":{"id":null,"title":"Custom Max Angle To Drift AI","type":"single","defaultValue":0,"constraints":{},"section":"Data Of AI Car","order":3,"localization":0,"options":{}},"CustomSteerSensitivityAI":{"id":null,"title":"Custom Steer Sensitivity AI","type":"single","defaultValue":0,"constraints":{},"section":"Data Of AI Car","order":4,"localization":0,"options":{}},"CustomDriftTractionAI":{"id":null,"title":"Custom Steer Drift Traction AI","type":"single","defaultValue":0,"constraints":{},"section":"Data Of AI Car","order":5,"localization":0,"options":{}}}},"assets":{},"sections":[],"preloader":{"fields":{"System.String":{"Playable Name":{"id":"parameter\/preloader\/name","title":"Playable Name","type":"string","defaultValue":[null],"constraints":{},"section":"Preloader","order":1,"localization":0,"options":{}}},"UnityEngine.Color":{"Background Color":{"id":"parameter\/preloader\/color","title":"Background Color","type":"color","defaultValue":[0.639999985694885,0.409999996423721,0.990000009536743,1],"constraints":{},"section":"Preloader","order":2,"localization":0,"options":{}}}},"assets":{"":{"id":"asset\/preloader\/icon","title":"","type":"texture","section":"Preloader","order":0}},"sections":[{"title":"Preloader","order":0,"fixed":1}]},"buildId":"58a6b9f4-5c0a-45c4-b265-0d41a77f1bf1"}